description,amount,category
TUITION FEES,9259.44,Education
EdhiFoundation,20000.0,Miscellaneous
UNITED KING,8000.0,Eating_Out
SNGPL G-9,17263.82,Utilities
EventTicket,1568.3,Entertainment
JUBILEE LIFE INSURANCE,8692.8,Miscellaneous
Islamabad Diagn...,4578.84,Healthcare
Uber ISB,3875.89,Transport
CHUGHTAI LAB,32037.66,Healthcare
McDonald's ISB,3540.15,Eating_Out
saeed book bank,31860.48,Education
sui southern gas,7293.51,Utilities
blood test,22965.41,Healthcare
NUEPLEX CINEMAS,741.0,Entertainment
LOCAL KIRYANA STORE,3849.12,Groceries
mcdonald's islamabad,2730.55,Eating_Out
efu life,3910.02,Miscellaneous
EFU Life,3267.93,Miscellaneous
SaeedBookBank,18374.52,Education
K-Electric,17155.62,Utilities
CAR WASH,3408.61,Transport
Tikka,5670.09,Eating_Out
medicine,10023.94,Healthcare
milk,10959.29,Groceries
KFC Pakistan,2680.54,Eating_Out
JazzCash REF3148,1803.41,Miscellaneous
AlhamraArts,1535.24,Entertainment
Fazal Din Hospi...,19623.1,Healthcare
pens,92214.41,Education
amusement park,2435.11,Entertainment
AMUSEMENT PARK,2224.63,Entertainment
SALT'N PEPPER,950.35,Eating_Out
EFU LIFE,7598.36,Miscellaneous
save mart,4865.95,Groceries
SNGPL,7837.95,Utilities
Shams Store,9213.86,Groceries
alhamra arts,3457.1,Entertainment
course fee,11851.73,Education
comsats,47179.89,Education
Greenvalley Hypermarket,2123.52,Groceries
K-ELECTRIC,12804.15,Utilities
Alhamra Arts F-10,631.44,Entertainment
InDriver,785.36,Transport
ALHAMRA ARTS,10000.0,Entertainment
IslamabadDiagnostic,29628.67,Healthcare
PTCL REF9761,1479.67,Utilities
SALT'N PEPPER,8000.0,Eating_Out
CourseFee,100000.0,Education
Stationery,82571.31,Education
optp,1901.72,Eating_Out
Bundoo Khan,4554.79,Eating_Out
COMSATS F-10,14003.18,Education
PTCL,22654.09,Utilities
Atta,3945.07,Groceries
TuitionFees,9880.7,Education
JubileeLifeInsurance,6123.08,Miscellaneous
iesco,21993.55,Utilities
EASYPAISA,6603.3,Miscellaneous
UnitedKing,3674.69,Eating_Out
PSO Fuel Pump,153.44,Transport
ChughtaiLab,35589.98,Healthcare
SNGPL TRANSPORT,1053.9,Transport
Cinepax ISB,10000.0,Entertainment
WASA ISL,11640.08,Utilities
FAZAL DIN HOSPITAL,29817.45,Healthcare
SUGAR,1986.22,Groceries
Electricity Bil...,4535.48,Utilities
mcdonald's islamabad,1950.69,Eating_Out
UnitedKing,3365.5,Eating_Out
WASA ISB,2881.09,Utilities
Coaching Center F-10,15195.32,Education
event ticket,5893.71,Entertainment
REGISTRATION,100000.0,Education
pizza hut pakistan,2943.02,Eating_Out
Alhamra Arts,2008.24,Entertainment
CoachingCenter,43112.25,Education
COMSATS,24308.49,Education
TuitionFees,38390.36,Education
Bank Loan,1723.82,Miscellaneous
IESCO,25000.0,Utilities
SALT'N PEPPER,913.86,Eating_Out
JUBILEE LIFE INSURANCE,9486.0,Miscellaneous
Pizza Hut Pakistan,1605.53,Eating_Out
RICE,3677.15,Groceries
RecreationCenter,1349.9,Entertainment
SHAWARMA,8000.0,Eating_Out
BUNDOO KHAN,2764.48,Eating_Out
total parco,167.45,Transport
PETROL,274.78,Transport
AMUSEMENT PARK,7009.19,Entertainment
BIO-ORGANIC & WHOLEFOODS,3419.99,Groceries
GasBill,3298.74,Utilities
Basmati Rice,4322.87,Groceries
SHELL PETROL STATION,522.27,Transport
Recreation Cent...,5309.5,Entertainment
recreation center,4478.7,Entertainment
Amusement Park,2204.58,Entertainment
EVENT TICKET,2243.6,Entertainment
Naan I-8,3331.66,Eating_Out
BUNDOO KHAN,411.51,Eating_Out
ChughtaiLab,14072.19,Healthcare
SALT'N PEPPER,6602.66,Eating_Out
jazzcash,4418.99,Miscellaneous
gas bill,7543.47,Utilities
K-Electric,14824.22,Utilities
amusement park,1215.27,Entertainment
IESCO,25000.0,Utilities
TUITION FEES,12627.48,Education
Cinepax Islamabad I-8,4319.58,Entertainment
Pizza Hut Pakistan,2085.68,Eating_Out
Antibiotics Blue Area,16644.16,Healthcare
CourseFee,10656.91,Education
Pizza,1589.21,Eating_Out
ISLAMABAD CASH & CARRY,1217.43,Groceries
Bio-Organic&Wholefoods,3462.99,Groceries
ExamFee,14458.42,Education
EdhiFoundation,11136.68,Miscellaneous
antibiotics,3449.36,Healthcare
JAZZCASH,20000.0,Miscellaneous
International Grammar School,14691.5,Education
cinepax islamabad,1859.22,Entertainment
Chughtai Lab G-9,11135.7,Healthcare
IESCO,12894.4,Utilities
Uniform REF3939,37733.6,Education
bus ticket,270.22,Transport
saeed book bank,38535.24,Education
ALHAMRA ARTS,6405.54,Entertainment
NUST REF4572,19760.82,Education
AmusementPark,751.21,Entertainment
EFULife,3599.16,Miscellaneous
WASAIslamabad,25000.0,Utilities
Electricity Bill REF5351,5133.06,Utilities
ShamsStore,1344.64,Groceries
careem ride,1072.86,Transport
DIESEL,5000.0,Transport
Save Mart,720.53,Groceries
Carrefour ISL,4345.14,Groceries
Bio-Organic & Wholefoods,15000.0,Groceries
antibiotics,33823.56,Healthcare
Al-Fatah Superm...,15000.0,Groceries
VACCINE,14091.77,Healthcare
beef,6502.04,Groceries
sngpl transport,1680.78,Transport
notebooks,21146.2,Education
Uber ISL,4229.49,Transport
Medicare Hospit...,6571.29,Healthcare
Greenvalley Hypermarket,3120.89,Groceries
taxi fare,341.48,Transport
EVENT TICKET,3003.95,Entertainment
JazzCash I-8,4129.89,Miscellaneous
BIO-ORGANIC & WHOLEFOODS,2234.09,Groceries
alhamra arts,3929.08,Entertainment
Panadol,25618.63,Healthcare
SNGPL Blue Area,8395.19,Utilities
EFU Life,8554.71,Miscellaneous
TAXI FARE,1604.16,Transport
pens,18993.2,Education
ELECTRICITY BILL,12242.35,Utilities
iesco,12992.82,Utilities
Bio-Organic&Wholefoods,1267.9,Groceries
Bio-Organic & Wholefoods F-7,1609.15,Groceries
Punjab Transport,3514.64,Transport
COMSATS,23080.48,Education
Punjab Transport,1032.38,Transport
Saeed Book Bank,24418.94,Education
islamabad diagnostic,17523.67,Healthcare
COACHING CENTER,37045.66,Education
tea,1035.85,Eating_Out
iesco,631.55,Utilities
Antibiotics,11906.64,Healthcare
CAREEM RIDE,145.65,Transport
MOTOR OIL,863.3,Transport
ShamsStore,876.68,Groceries
SALT'N PEPPER,990.15,Eating_Out
RICKSHAW,5000.0,Transport
Gas Bill REF8305,7257.68,Utilities
Foodpanda Order Blue Area,614.84,Eating_Out
Roti,7696.73,Groceries
iesco,5563.33,Utilities
COACHING CENTER,10204.27,Education
fazal din hospital,10758.73,Healthcare
ChughtaiLab,8395.37,Healthcare
k-electric,9421.94,Utilities
iesco,9088.03,Utilities
Jubilee Life Insurance,1880.83,Miscellaneous
Blood Test Blue Area,4156.4,Healthcare
books,100000.0,Education
TuitionFees,100000.0,Education
CINEPAX ISLAMABAD,9638.46,Entertainment
Edhi Foundation,4712.16,Miscellaneous
SNGPL,25000.0,Utilities
X-RAY,25823.65,Healthcare
NueplexCinemas,2930.6,Entertainment
Coaching Center,100000.0,Education
Saylani Welfare REF7027,2451.48,Miscellaneous
SUI SOUTHERN GAS,2464.92,Utilities
medical store,26982.09,Healthcare
chughtai lab,6580.88,Healthcare
ShamsStore,8367.45,Groceries
JazzCash REF7061,2670.29,Miscellaneous
bank loan,6128.31,Miscellaneous
IslamabadMetroBus,4851.66,Transport
nueplex cinemas,10000.0,Entertainment
Alhamra Arts Blue Area,501.77,Entertainment
ISB Diagnostic,19611.34,Healthcare
SAEED BOOK BANK,29070.87,Education
LocalRickshaw,646.37,Transport
Shams Store,2870.16,Groceries
SUI SOUTHERN GAS,25000.0,Utilities
RECREATION CENTER,727.18,Entertainment
Burger,1884.75,Eating_Out
Edhi Foundation,1865.81,Miscellaneous
CAREEM RIDE,3619.87,Transport
BankLoan,17131.56,Miscellaneous
PETROL,367.64,Transport
ISB Cash & Carry,371.17,Groceries
sngpl,12604.34,Utilities
KFC PAKISTAN,7388.11,Eating_Out
Panadol,5972.44,Healthcare
Chaaye Khana,1851.59,Eating_Out
Fazal Din Hospital Blue Area,22400.88,Healthcare
LOCAL CLINIC,8912.12,Healthcare
cinepax islamabad,4360.09,Entertainment
BundooKhan,4073.71,Eating_Out
WASA ISB,15823.86,Utilities
Amusement Park,984.88,Entertainment
COMSATS F-10,59263.75,Education
ISL Metro Bus,939.26,Transport
CNG F-7,4552.7,Transport
bundoo khan,558.29,Eating_Out
Consultation REF4187,26050.76,Healthcare
alhamra arts,5619.83,Entertainment
IESCO,6542.75,Utilities
IESCO,23612.32,Utilities
IMTIAZ SUPER MARKET,2160.82,Groceries
UNIFORM,10086.5,Education
TUITION FEES,99575.85,Education
TuitionFees,100000.0,Education
EASYPAISA,1675.16,Miscellaneous
iesco,5989.93,Utilities
EVENT TICKET,6201.05,Entertainment
AMUSEMENT PARK,910.42,Entertainment
Parking Fee,201.85,Transport
cinepax islamabad,5379.32,Entertainment
Amusement Park,5365.03,Entertainment
nust,6513.16,Education
TotalParco,1946.31,Transport
Cinepax ISB,2036.61,Entertainment
MCDONALD'S ISLAMABAD,1107.61,Eating_Out
DIESEL,1133.42,Transport
Sui Southern Gas REF9178,5151.48,Utilities
Aga Khan Pharma...,38522.16,Healthcare
COMSATS F-7,12002.17,Education
NUST REF1035,16996.74,Education
MedicalStore,33932.55,Healthcare
Jubilee Life Insurance,4861.02,Miscellaneous
shawarma,3144.13,Eating_Out
ptcl,2928.07,Utilities
Islamabad Diagnostic,14752.31,Healthcare
Nueplex Cinemas,7155.13,Entertainment
EASYPAISA,8949.01,Miscellaneous
FAZAL DIN HOSPITAL,21998.15,Healthcare
MetroCash&Carry,1750.23,Groceries
Eggs REF8035,3925.83,Groceries
Pizza Hut Pakistan REF8285,1104.6,Eating_Out
Electricity Bil...,12667.57,Utilities
ISL Cash & Carry,7793.61,Groceries
NUEPLEX CINEMAS,752.94,Entertainment
ImtiazSuperMarket,4523.49,Groceries
Tikka I-8,3074.31,Eating_Out
Motor Oil,580.88,Transport
pens,8977.42,Education
SHIFA INTERNATIONAL,39488.6,Healthcare
Saeed Book Bank,13323.73,Education
SNGPL,16654.52,Utilities
Exam Fee,8604.58,Education
shell petrol station,999.09,Transport
GreenvalleyHypermarket,6328.37,Groceries
Cinepax Islamabad,1027.99,Entertainment
PTCL,2718.76,Utilities
vaccine,12480.16,Healthcare
vaccine,15444.86,Healthcare
MOTOR OIL,3111.02,Transport
consultation,3831.32,Healthcare
BLOOD TEST,3267.11,Healthcare
Salt'nPepper,924.26,Eating_Out
FRUITS,1872.78,Groceries
GAS BILL,5745.84,Utilities
CHICKEN,1420.15,Groceries
NUEPLEX CINEMAS,8201.31,Entertainment
Jubilee Life Insurance REF5579,5450.19,Miscellaneous
Metro Cash & Carry,6515.14,Groceries
comsats,13489.88,Education
SNGPL F-10,2993.19,Utilities
SAEED BOOK BANK,100000.0,Education
ptcl,6822.65,Utilities
Medical Checkup,6349.23,Healthcare
united king,1131.67,Eating_Out
Cinepax ISB,3680.01,Entertainment
Cinepax ISL,2543.1,Entertainment
Imtiaz Super Ma...,8936.51,Groceries
Sui Southern Gas REF9834,5537.12,Utilities
BusTicket,2646.98,Transport
MEDICAL CHECKUP,7494.75,Healthcare
Coaching Center,99079.4,Education
JazzCash REF2426,1280.77,Miscellaneous
Jubilee Life Insurance Blue Area,4258.84,Miscellaneous
gas bill,2697.08,Utilities
Petrol,536.63,Transport
saeed book bank,39901.59,Education
ISB Cash & Carry,3077.92,Groceries
JUBILEE LIFE INSURANCE,20000.0,Miscellaneous
NUST,6919.2,Education
TotalParco,1271.19,Transport
Bar.B.Q Tonight,7166.09,Eating_Out
pso fuel pump,594.74,Transport
RECREATION CENTER,1750.5,Entertainment
JazzCash REF3321,7605.09,Miscellaneous
iesco,3484.74,Utilities
AMUSEMENT PARK,7333.86,Entertainment
OPTP,1946.21,Eating_Out
sngpl,19090.81,Utilities
CoachingCenter,19132.02,Education
karahi,3609.58,Eating_Out
petrol,1675.88,Transport
alhamra arts,2347.56,Entertainment
EVENT TICKET,10000.0,Entertainment
RecreationCenter,4048.38,Entertainment
SNGPL Transport,663.57,Transport
exam fee,21165.16,Education
greenvalley hypermarket,6302.36,Groceries
Imtiaz Super Market,1797.36,Groceries
shams store,364.21,Groceries
pizza hut pakistan,1407.41,Eating_Out
pharmacy,19511.28,Healthcare
Aga Khan Pharmacy,8297.31,Healthcare
event ticket,500.0,Entertainment
Amusement Park Blue Area,2687.17,Entertainment
RecreationCenter,500.0,Entertainment
K-ELECTRIC,7843.16,Utilities
efu life,4137.05,Miscellaneous
amusement park,2552.04,Entertainment
ptcl,3941.68,Utilities
edhi foundation,11303.63,Miscellaneous
bank loan,3291.81,Miscellaneous
EdhiFoundation,20000.0,Miscellaneous
Medicare Hospit...,12097.97,Healthcare
LocalRickshaw,2604.59,Transport
Al-Fatah Superm...,1661.72,Groceries
sui southern gas,25000.0,Utilities
SuiSouthernGas,6582.59,Utilities
CHAAYE KHANA,8000.0,Eating_Out
SAEED BOOK BANK,58287.69,Education
ROLL PARATHA,4447.95,Eating_Out
Uber ISL,1881.67,Transport
NUST F-10,50038.21,Education
Local Kiryana Store,11101.03,Groceries
Shell Petrol Station,5000.0,Transport
MotorOil,884.63,Transport
Bio-Organic & W...,6285.26,Groceries
vegetables,3088.48,Groceries
sngpl,9550.19,Utilities
x-ray,15813.8,Healthcare
k-electric,8565.82,Utilities
Uber Islamabad REF2957,299.62,Transport
efu life,18383.66,Miscellaneous
pso fuel pump,910.41,Transport
EASYPAISA,20000.0,Miscellaneous
pharmacy,5830.55,Healthcare
McDonald's ISB,1447.19,Eating_Out
TuitionFees,10695.69,Education
Lab Test REF9855,50000.0,Healthcare
AlhamraArts,1974.78,Entertainment
Pizza Hut Pakistan,2827.04,Eating_Out
kebab,5029.82,Eating_Out
SHAMS STORE,12660.43,Groceries
RECREATION CENTER,711.81,Entertainment
COMSATS,100000.0,Education
BUNDOO KHAN,1202.32,Eating_Out
ptcl,2701.62,Utilities
Sui Southern Gas,11269.38,Utilities
X-Ray REF3878,4829.18,Healthcare
FRUITS,1690.95,Groceries
pizza hut pakistan,437.23,Eating_Out
Pizza,519.28,Eating_Out
Bank Loan,17264.68,Miscellaneous
COACHING CENTER,10584.42,Education
RECREATION CENTER,2247.78,Entertainment
TuitionFees,10182.6,Education
Karahi,200.0,Eating_Out
NUEPLEX CINEMAS,1136.35,Entertainment
Saylani Welfare F-7,2823.09,Miscellaneous
Fazal Din Hospital,20149.06,Healthcare
butter,5529.76,Groceries
WASAIslamabad,9910.51,Utilities
local rickshaw,95.19,Transport
CNG,2985.19,Transport
EdhiFoundation,874.03,Miscellaneous
SaeedBookBank,100000.0,Education
PunjabTransport,5000.0,Transport
jazzcash,12140.23,Miscellaneous
shifa international,22322.48,Healthcare
K-Electric,8004.82,Utilities
PTCL,8536.77,Utilities
Cinepax Islamabad,745.9,Entertainment
NUST,13698.62,Education
coaching center,53186.18,Education
SHAWARMA,3072.03,Eating_Out
coaching center,100000.0,Education
Bank Loan,5886.4,Miscellaneous
Recreation Center,5241.16,Entertainment
EASYPAISA,8550.73,Miscellaneous
COMSATS,54420.41,Education
PSO FUEL PUMP,1227.49,Transport
Consultation F-10,14939.24,Healthcare
Naan REF9942,2719.22,Eating_Out
NUST,8925.44,Education
nueplex cinemas,2665.92,Entertainment
School Fees,12916.91,Education
EventTicket,5963.76,Entertainment
aga khan pharmacy,5488.12,Healthcare
LocalClinic,14479.49,Healthcare
WASA Islamabad,19342.62,Utilities
iesco,3903.94,Utilities
jubilee life insurance,10040.04,Miscellaneous
WASA Islamabad,1655.34,Utilities
karahi,964.82,Eating_Out
bread,10381.23,Groceries
al-fatah supermarket,2080.16,Groceries
TuitionFees,77825.59,Education
K-Electric,6551.15,Utilities
Recreation Center,3614.62,Entertainment
shifa international,50000.0,Healthcare
InternationalGrammarSchool,22394.05,Education
Shams Store,6754.05,Groceries
aga khan pharmacy,1244.14,Healthcare
easypaisa,8835.13,Miscellaneous
TUITION FEES,39340.87,Education
BLOOD TEST,20240.71,Healthcare
Stationery,100000.0,Education
COACHING CENTER,100000.0,Education
JazzCash,13612.04,Miscellaneous
Roll Paratha Blue Area,3175.4,Eating_Out
cinepax islamabad,2721.15,Entertainment
SNGPL G-9,25000.0,Utilities
Cooking Oil I-8,2926.52,Groceries
Al-Fatah Superm...,1280.91,Groceries
ISL Diagnostic,8953.95,Healthcare
shell petrol station,145.48,Transport
Medical Store,1879.59,Healthcare
NOTEBOOKS,49184.38,Education
vaccine,20409.81,Healthcare
sugar,6502.88,Groceries
easypaisa,5234.72,Miscellaneous
OPTP REF3300,1787.14,Eating_Out
jazzcash,5558.19,Miscellaneous
K-Electric,10682.66,Utilities
IslamabadDiagnostic,14083.12,Healthcare
BOOKS,70769.69,Education
LabTest,50000.0,Healthcare
EFULife,2355.27,Miscellaneous
careem ride,895.66,Transport
bank loan,3172.46,Miscellaneous
SAYLANI WELFARE,17045.4,Miscellaneous
PTCL,17637.55,Utilities
Electricity Bil...,10987.61,Utilities
SHAWARMA,1618.87,Eating_Out
Mutton,1805.11,Groceries
ExamFee,46375.43,Education
gas bill,6416.23,Utilities
K-Electric,8000.31,Utilities
bank loan,13066.43,Miscellaneous
punjab transport,3055.34,Transport
InDriver,675.98,Transport
Nueplex Cinemas,3347.99,Entertainment
Pizza Hut Pakistan I-8,2578.42,Eating_Out
roll paratha,1640.73,Eating_Out
ptcl,3033.7,Utilities
DAL,6619.6,Groceries
ChaayeKhana,1597.14,Eating_Out
Alhamra Arts,8577.8,Entertainment
Consultation I-8,6215.37,Healthcare
EFU Life,2094.07,Miscellaneous
TuitionFees,43269.1,Education
INTERNATIONAL GRAMMAR SCHOOL,12962.19,Education
Easypaisa,5190.62,Miscellaneous
Nueplex Cinemas,2785.3,Entertainment
ptcl,11616.99,Utilities
EASYPAISA,8829.1,Miscellaneous
TaxiFare,2362.94,Transport
milk,788.83,Groceries
ISB Diagnostic,5146.53,Healthcare
BundooKhan,3846.11,Eating_Out
CinepaxIslamabad,586.58,Entertainment
TotalParco,3826.89,Transport
Shell Petrol St...,577.42,Transport
shell petrol station,1172.82,Transport
Edhi Foundation I-8,3648.67,Miscellaneous
McDonald's Isla...,513.13,Eating_Out
jazzcash,1567.02,Miscellaneous
PTCL,15757.78,Utilities
GAS BILL,8966.15,Utilities
JazzCash,4052.15,Miscellaneous
Shifa International,20084.73,Healthcare
MEDICARE HOSPITAL,7787.77,Healthcare
Metro Cash & Carry F-7,4083.45,Groceries
TaxiFare,301.38,Transport
JAZZCASH,6134.07,Miscellaneous
Butter,4181.21,Groceries
Al-Fatah Superm...,3534.79,Groceries
Taxi Fare,246.09,Transport
Recreation Cent...,1622.73,Entertainment
recreation center,10000.0,Entertainment
ElectricityBill,12864.69,Utilities
Tea G-9,2213.14,Eating_Out
bank loan,3098.11,Miscellaneous
Islamabad Cash & Carry,5026.11,Groceries
Registration,8888.38,Education
amusement park,8482.73,Entertainment
iesco,655.5,Utilities
LOCAL CLINIC,4483.01,Healthcare
BREAD,7235.72,Groceries
Greenvalley Hyp...,5874.49,Groceries
ISB Cash & Carry,15000.0,Groceries
bank loan,2214.14,Miscellaneous
Tea REF4653,6435.31,Eating_Out
Imtiaz Super Ma...,2270.69,Groceries
Electricity Bill,15025.5,Utilities
MedicareHospital,9439.82,Healthcare
Shell Petrol Station,1124.61,Transport
TIKKA,4568.59,Eating_Out
Rickshaw,2839.82,Transport
ADMISSION,4287.37,Education
PENS,33928.7,Education
SchoolFees,57151.04,Education
CareemRide,1527.68,Transport
Greenvalley Hypermarket,4193.02,Groceries
IESCO,1007.17,Utilities
UNIFORM,53287.67,Education
Jubilee Life Insurance,4399.36,Miscellaneous
Electricity Bil...,8091.35,Utilities
medicine,16031.38,Healthcare
event ticket,4900.92,Entertainment
EASYPAISA,1648.59,Miscellaneous
tea,607.86,Eating_Out
K-Electric,25000.0,Utilities
EFU LIFE,607.34,Miscellaneous
FoodpandaOrder,730.6,Eating_Out
MEDICAL CHECKUP,11635.87,Healthcare
Islamabad Cash & Carry,2381.82,Groceries
MEDICAL CHECKUP,18855.26,Healthcare
RICKSHAW,4610.62,Transport
Easypaisa I-8,2631.04,Miscellaneous
medical store,3713.0,Healthcare
SaylaniWelfare,20000.0,Miscellaneous
shifa international,50000.0,Healthcare
SNGPL Transport,1775.12,Transport
Fruits REF1877,15000.0,Groceries
SNGPL,25000.0,Utilities
EFULife,800.99,Miscellaneous
International G...,18973.56,Education
easypaisa,1738.86,Miscellaneous
butter,2539.06,Groceries
indriver,868.3,Transport
COMSATS,51456.61,Education
Imtiaz Super Market I-8,3919.76,Groceries
JAZZCASH,4616.66,Miscellaneous
PETROL,1302.33,Transport
FazalDinHospital,45723.4,Healthcare
COACHING CENTER,16535.93,Education
Alhamra Arts,2468.55,Entertainment
McDonald's ISB,2167.43,Eating_Out
NAAN,4070.97,Eating_Out
coaching center,24711.78,Education
K-ELECTRIC,25000.0,Utilities
JazzCash F-7,6702.07,Miscellaneous
pso fuel pump,1318.0,Transport
k-electric,5409.89,Utilities
BAR.B.Q TONIGHT,2129.23,Eating_Out
Shawarma,1496.32,Eating_Out
MEDICAL STORE,21182.24,Healthcare
butter,3989.29,Groceries
vegetables,2530.78,Groceries
SNGPL Transport G-9,834.02,Transport
ISL Cash & Carry,2817.42,Groceries
SNGPL,3602.46,Utilities
AGA KHAN PHARMACY,13919.3,Healthcare
WASA Islamabad REF7471,4266.02,Utilities
NUEPLEX CINEMAS,5180.99,Entertainment
Bar.B.QTonight,3649.83,Eating_Out
K-Electric,25000.0,Utilities
INTERNATIONAL GRAMMAR SCHOOL,6411.32,Education
CHICKEN,1332.77,Groceries
MEDICAL CHECKUP,40352.2,Healthcare
NOTEBOOKS,32094.88,Education
Sandwich,2341.92,Eating_Out
imtiaz super market,2379.5,Groceries
UNIFORM,34674.3,Education
METRO CASH & CARRY,4174.89,Groceries
Motor Oil,1406.15,Transport
Recreation Center,1655.97,Entertainment
PunjabTransport,875.55,Transport
EFU Life,2272.24,Miscellaneous
MetroCash&Carry,3750.62,Groceries
CAR WASH,2023.19,Transport
Sui Southern Gas,5965.65,Utilities
K-Electric,11883.47,Utilities
PSO Fuel Pump F-7,324.79,Transport
Metro Cash & Ca...,2494.55,Groceries
Medicare Hospital,20953.97,Healthcare
islamabad metro bus,1958.3,Transport
Gas Bill,8770.89,Utilities
X-RAY,12354.43,Healthcare
Careem Ride REF1964,4937.0,Transport
coffee,2206.42,Eating_Out
Exam Fee,100000.0,Education
k-electric,25000.0,Utilities
amusement park,570.85,Entertainment
JubileeLifeInsurance,3026.05,Miscellaneous
coaching center,9915.91,Education
jazzcash,1196.79,Miscellaneous
JubileeLifeInsurance,1795.29,Miscellaneous
Carrefour Islamabad REF9103,2846.0,Groceries
WASA Islamabad F-7,15732.65,Utilities
YOGURT,13139.24,Groceries
K-Electric,11122.45,Utilities
SaeedBookBank,47937.51,Education
amusement park,919.56,Entertainment
biryani,2121.52,Eating_Out
Antibiotics,14540.18,Healthcare
UNITED KING,1659.77,Eating_Out
Cinepax ISB,5382.17,Entertainment
Vegetables,15000.0,Groceries
vaccine,27631.36,Healthcare
MotorOil,319.69,Transport
JubileeLifeInsurance,7590.9,Miscellaneous
Chughtai Lab,10955.47,Healthcare
bank loan,7415.63,Miscellaneous
WASA Islamabad F-7,3645.55,Utilities
SAYLANI WELFARE,1587.29,Miscellaneous
NUST,43964.07,Education
consultation,21909.77,Healthcare
GREENVALLEY HYPERMARKET,15000.0,Groceries
CAR WASH,3572.33,Transport
NueplexCinemas,3150.35,Entertainment
Imtiaz Super Ma...,3394.53,Groceries
Islamabad Diagn...,10682.52,Healthcare
IESCO,6272.71,Utilities
saylani welfare,1262.88,Miscellaneous
WASA Islamabad,6179.05,Utilities
Sandwich,8000.0,Eating_Out
Nueplex Cinemas,1051.46,Entertainment
Lassi REF4211,1225.56,Eating_Out
International G...,5731.04,Education
EVENT TICKET,4396.92,Entertainment
Bank Loan,17798.83,Miscellaneous
Saylani Welfare,929.41,Miscellaneous
chaaye khana,1386.13,Eating_Out
chaaye khana,1715.26,Eating_Out
ShifaInternational,7919.85,Healthcare
OPTP,465.43,Eating_Out
Aga Khan Pharma...,16144.59,Healthcare
CareemRide,322.17,Transport
GAS BILL,12246.91,Utilities
Sui Southern Ga...,5398.01,Utilities
BANK LOAN,12662.74,Miscellaneous
Naan,613.49,Eating_Out
Event Ticket,1089.85,Entertainment
GREENVALLEY HYPERMARKET,1216.93,Groceries
FoodpandaOrder,6801.91,Eating_Out
saylani welfare,8558.83,Miscellaneous
BUNDOO KHAN,2609.43,Eating_Out
ANTIBIOTICS,8705.81,Healthcare
BIO-ORGANIC & WHOLEFOODS,2425.11,Groceries
SHAMS STORE,6354.61,Groceries
Taxi Fare,807.05,Transport
NUST,44124.7,Education
OPTP,2304.71,Eating_Out
registration,40247.05,Education
mutton,8172.24,Groceries
MOTOR OIL,2021.65,Transport
car wash,5000.0,Transport
Blood Test REF1678,40540.24,Healthcare
international grammar school,16007.4,Education
consultation,6663.33,Healthcare
WASA ISB,1495.73,Utilities
WASA ISL,3005.62,Utilities
INDRIVER,2503.47,Transport
MotorOil,2248.6,Transport
medical checkup,2986.58,Healthcare
Nueplex Cinemas REF2647,10000.0,Entertainment
ROLL PARATHA,5779.48,Eating_Out
AMUSEMENT PARK,10000.0,Entertainment
ISLAMABAD DIAGNOSTIC,25840.79,Healthcare
Punjab Transpor...,489.12,Transport
InDriver,3620.43,Transport
electricity bill,25000.0,Utilities
Medical Checkup,35161.2,Healthcare
Registration,43030.91,Education
lab test,8177.55,Healthcare
Registration,48930.1,Education
ISL Cash & Carry,2594.46,Groceries
NUST,15492.49,Education
alhamra arts,10000.0,Entertainment
efu life,1622.24,Miscellaneous
naan,3629.17,Groceries
BANK LOAN,2764.01,Miscellaneous
Imtiaz Super Ma...,3106.49,Groceries
SNGPL TRANSPORT,2243.08,Transport
FazalDinHospital,5890.29,Healthcare
bus ticket,2809.31,Transport
Al-Fatah Superm...,826.7,Groceries
PENS,69193.34,Education
IESCO,8608.16,Utilities
LocalClinic,10390.56,Healthcare
Pharmacy,18456.75,Healthcare
Aga Khan Pharmacy,11894.95,Healthcare
sui southern gas,11639.16,Utilities
medical checkup,12545.02,Healthcare
Islamabad Diagnostic,18678.24,Healthcare
BloodTest,5021.46,Healthcare
Tuition Fees,35233.42,Education
BANK LOAN,5682.06,Miscellaneous
COMSATS,32020.06,Education
TIKKA,2373.27,Eating_Out
IESCO REF3855,11900.65,Utilities
ISB Metro Bus,2397.93,Transport
SuiSouthernGas,18209.14,Utilities
SAYLANI WELFARE,8504.28,Miscellaneous
SNGPL,12344.49,Utilities
NUST,73728.46,Education
PETROL,524.44,Transport
BANK LOAN,7011.8,Miscellaneous
Aga Khan Pharmacy,3619.8,Healthcare
IESCO,2741.24,Utilities
SAYLANI WELFARE,14232.54,Miscellaneous
Gas Bill,2016.47,Utilities
RECREATION CENTER,10000.0,Entertainment
Imtiaz Super Ma...,2089.4,Groceries
TOLL PLAZA,3489.31,Transport
Shifa International I-8,7060.76,Healthcare
Chughtai Lab REF6484,2996.88,Healthcare
PTCL F-10,10511.08,Utilities
easypaisa,1369.61,Miscellaneous
AMUSEMENT PARK,3443.34,Entertainment
Basmati Rice,5321.62,Groceries
ELECTRICITY BILL,3101.38,Utilities
Islamabad Cash ...,3360.59,Groceries
COURSE FEE,13529.31,Education
coaching center,47200.68,Education
CarWash,723.5,Transport
BankLoan,5978.42,Miscellaneous
K-ELECTRIC,25000.0,Utilities
LOCAL KIRYANA STORE,1832.6,Groceries
EFU Life,1323.18,Miscellaneous
RECREATION CENTER,10000.0,Entertainment
efu life,3116.07,Miscellaneous
UberIslamabad,1662.12,Transport
Nueplex Cinemas,1197.81,Entertainment
UBER ISLAMABAD,162.77,Transport
Notebooks,100000.0,Education
SNGPL REF2152,11905.12,Utilities
IESCO,10299.66,Utilities
Easypaisa,2758.01,Miscellaneous
AmusementPark,1718.41,Entertainment
united king,8000.0,Eating_Out
ELECTRICITY BILL,1806.62,Utilities
MEDICARE HOSPITAL,5166.96,Healthcare
Coaching Center F-10,11688.9,Education
EdhiFoundation,20000.0,Miscellaneous
Bank Loan,15549.23,Miscellaneous
NueplexCinemas,2451.1,Entertainment
Event Ticket,1220.17,Entertainment
Shifa International,5972.38,Healthcare
GAS BILL,25000.0,Utilities
TuitionFees,28100.81,Education
EVENT TICKET,1348.31,Entertainment
GAS BILL,14649.63,Utilities
Easypaisa,2418.46,Miscellaneous
CHAAYE KHANA,3909.2,Eating_Out
NAAN,2444.72,Groceries
RecreationCenter,1105.04,Entertainment
Greenvalley Hypermarket,4181.35,Groceries
UNIFORM,54195.98,Education
Fazal Din Hospital REF1826,50000.0,Healthcare
WASA ISL,7069.36,Utilities
Local Clinic,50000.0,Healthcare
chicken,2963.28,Groceries
Metro Cash & Carry REF1660,1844.98,Groceries
chughtai lab,6607.81,Healthcare
Bank Loan Blue Area,597.78,Miscellaneous
PSOFuelPump,1235.06,Transport
school fees,48262.94,Education
al-fatah supermarket,13844.83,Groceries
EGGS,1610.93,Groceries
LOCAL CLINIC,35522.89,Healthcare
EFU Life F-10,3433.8,Miscellaneous
COURSE FEE,26332.41,Education
TOLL PLAZA,3205.47,Transport
kfc pakistan,3052.49,Eating_Out
Bank Loan F-7,3092.1,Miscellaneous
Easypaisa,4089.35,Miscellaneous
ISB Cash & Carry,1681.64,Groceries
optp,6019.19,Eating_Out
Medicare Hospital,14514.98,Healthcare
Medicine,19771.02,Healthcare
PTCL,22068.81,Utilities
Carrefour Islamabad,1140.44,Groceries
Pizza Hut Pakis...,824.27,Eating_Out
CoachingCenter,30778.22,Education
Admission,71901.53,Education
optp,4807.51,Eating_Out
burger,3672.86,Eating_Out
RICE,7658.96,Groceries
BIRYANI,4017.08,Eating_Out
PTCL REF8558,705.57,Utilities
united king,328.43,Eating_Out
SAVE MART,3710.98,Groceries
WASA ISL,15385.4,Utilities
Biryani,2770.59,Eating_Out
RECREATION CENTER,2912.3,Entertainment
Mutton I-8,2654.68,Groceries
SaylaniWelfare,5578.11,Miscellaneous
UBER ISLAMABAD,470.5,Transport
Greenvalley Hypermarket F-7,3314.56,Groceries
International Grammar School,11800.7,Education
Nueplex Cinemas,8928.35,Entertainment
sui southern gas,6014.2,Utilities
EventTicket,10000.0,Entertainment
FOODPANDA ORDER,1020.13,Eating_Out
SUI SOUTHERN GAS,8413.95,Utilities
ShellPetrolStation,1078.29,Transport
Tikka,2694.36,Eating_Out
KFC Pakistan,7129.4,Eating_Out
Medical Store,7180.03,Healthcare
FAZAL DIN HOSPITAL,8388.27,Healthcare
Dal F-10,7444.52,Groceries
ISB Diagnostic,4759.05,Healthcare
diesel,1607.58,Transport
WASA ISL,2724.2,Utilities
EDHI FOUNDATION,6347.91,Miscellaneous
salt'n pepper,711.09,Eating_Out
Vegetables,768.0,Groceries
NUST,36763.28,Education
sandwich,1024.93,Eating_Out
Motor Oil,1152.18,Transport
BANK LOAN,8179.32,Miscellaneous
EVENT TICKET,3997.65,Entertainment
Course Fee I-8,55940.61,Education
toll plaza,948.41,Transport
NUEPLEX CINEMAS,1629.87,Entertainment
tuition fees,27463.15,Education
AlhamraArts,3241.75,Entertainment
ptcl,4993.82,Utilities
CINEPAX ISLAMABAD,3016.12,Entertainment
EFU Life,5917.37,Miscellaneous
SchoolFees,68321.21,Education
ISB Metro Bus,1432.16,Transport
shams store,7671.73,Groceries
Vaccine,11410.07,Healthcare
cheese,4156.59,Groceries
sngpl transport,152.44,Transport
Lassi,485.95,Eating_Out
jazzcash,7944.21,Miscellaneous
PTCL,25000.0,Utilities
tuition fees,100000.0,Education
SNGPL Transport,1188.9,Transport
Fruits REF6799,1403.54,Groceries
JubileeLifeInsurance,1288.54,Miscellaneous
GreenvalleyHypermarket,1329.46,Groceries
TUITION FEES,38996.57,Education
ptcl,4547.49,Utilities
AlhamraArts,4681.01,Entertainment
Jubilee Life In...,3398.83,Miscellaneous
SAYLANI WELFARE,3649.0,Miscellaneous
stationery,53536.88,Education
EVENT TICKET,1566.04,Entertainment
ALHAMRA ARTS,2298.41,Entertainment
Greenvalley Hyp...,727.03,Groceries
SNGPL,25000.0,Utilities
Medical Checkup Blue Area,29348.95,Healthcare
comsats,2298.97,Education
pharmacy,4768.37,Healthcare
Toll Plaza,610.32,Transport
Careem Ride,782.78,Transport
SNGPL,15425.74,Utilities
McDonald's ISB,1548.16,Eating_Out
TUITION FEES,11384.58,Education
tikka,762.38,Eating_Out
stationery,2988.15,Education
Nueplex Cinemas,8663.93,Entertainment
Petrol,4552.59,Transport
Imtiaz Super Ma...,15000.0,Groceries
sngpl,25000.0,Utilities
CNG,5000.0,Transport
Foodpanda Order F-7,1539.48,Eating_Out
uniform,100000.0,Education
SaylaniWelfare,5087.99,Miscellaneous
InDriver F-7,602.3,Transport
amusement park,5876.02,Entertainment
k-electric,11551.81,Utilities
Chughtai Lab,14117.0,Healthcare
SAYLANI WELFARE,20000.0,Miscellaneous
SNGPL REF8330,2760.61,Utilities
mcdonald's islamabad,1375.53,Eating_Out
Vaccine,8059.74,Healthcare
Cinepax Islamabad REF4116,5905.49,Entertainment
tea,1520.64,Groceries
islamabad cash & carry,5309.95,Groceries
NAAN,2101.64,Groceries
Pizza,2431.92,Eating_Out
united king,2093.16,Eating_Out
biryani,2048.09,Eating_Out
NUST,28973.24,Education
MUTTON,1957.04,Groceries
bank loan,7670.38,Miscellaneous
NueplexCinemas,6069.3,Entertainment
pizza hut pakistan,1463.27,Eating_Out
naan,8000.0,Eating_Out
COFFEE,3718.07,Eating_Out
SchoolFees,36657.23,Education
BankLoan,10039.43,Miscellaneous
Recreation Center,2512.29,Entertainment
Tuition Fees,27320.91,Education
Recreation Center,5371.99,Entertainment
exam fee,12291.4,Education
Shifa Internati...,9698.57,Healthcare
SCHOOL FEES,21384.29,Education
coaching center,18092.74,Education
shams store,1323.34,Groceries
Bar.B.Q Tonight,1018.12,Eating_Out
SNGPLTransport,2651.5,Transport
COMSATS,2705.9,Education
bank loan,4284.0,Miscellaneous
TUITION FEES,27570.02,Education
Bio-Organic&Wholefoods,4796.58,Groceries
NUST,100000.0,Education
blood test,17089.97,Healthcare
BAR.B.Q TONIGHT,1432.67,Eating_Out
X-Ray,31479.07,Healthcare
Dal REF9257,3237.21,Groceries
Bio-Organic & Wholefoods,1083.54,Groceries
vaccine,2492.3,Healthcare
medical store,36838.42,Healthcare
coffee,716.03,Eating_Out
parking fee,1091.91,Transport
Total Parco,153.25,Transport
Tuition Fees F-7,10751.58,Education
parking fee,5000.0,Transport
Alhamra Arts,4586.75,Entertainment
TollPlaza,886.88,Transport
ElectricityBill,25000.0,Utilities
efu life,2698.91,Miscellaneous
GREENVALLEY HYPERMARKET,1482.11,Groceries
Foodpanda Order,2501.69,Eating_Out
GasBill,25000.0,Utilities
bar.b.q tonight,1518.5,Eating_Out
MEDICINE,22277.01,Healthcare
Carrefour Islam...,4803.41,Groceries
Islamabad Cash & Carry I-8,5399.73,Groceries
Car Wash,806.93,Transport
MEDICAL CHECKUP,50000.0,Healthcare
uber islamabad,2636.33,Transport
Local Clinic,984.77,Healthcare
ANTIBIOTICS,27936.48,Healthcare
SAVE MART,2386.22,Groceries
ALHAMRA ARTS,1626.81,Entertainment
AMUSEMENT PARK,10000.0,Entertainment
BUNDOO KHAN,4779.82,Eating_Out
SNGPL,10811.11,Utilities
NAAN,5955.3,Eating_Out
Jubilee Life Insurance,6661.02,Miscellaneous
United King,2515.62,Eating_Out
Medicare Hospital,1465.39,Healthcare
Consultation,32228.22,Healthcare
aga khan pharmacy,32856.45,Healthcare
CHUGHTAI LAB,9424.62,Healthcare
SUGAR,1022.52,Groceries
DAL,4425.5,Groceries
Cinepax ISL,2418.76,Entertainment
GasBill,5773.26,Utilities
Careem Ride REF3271,1006.95,Transport
Salt'n Pepper,868.63,Eating_Out
ISLAMABAD DIAGNOSTIC,7911.99,Healthcare
course fee,28094.19,Education
WASA ISL,9706.7,Utilities
islamabad diagnostic,20812.27,Healthcare
Coaching Center,43249.73,Education
Local Clinic,44149.7,Healthcare
SNGPL Transport F-10,3782.04,Transport
BIRYANI,923.06,Eating_Out
local clinic,17799.09,Healthcare
recreation center,1831.9,Entertainment
Vegetables,12576.21,Groceries
Islamabad Diagnostic,3382.31,Healthcare
sngpl,2112.0,Utilities
iesco,7190.34,Utilities
sandwich,2253.3,Eating_Out
Aga Khan Pharma...,6098.34,Healthcare
IESCO F-10,2299.21,Utilities
COMSATS,7270.6,Education
ISLAMABAD METRO BUS,2336.74,Transport
Saeed Book Bank,20922.33,Education
K-ELECTRIC,25000.0,Utilities
REGISTRATION,32722.84,Education
Amusement Park,1625.97,Entertainment
ANTIBIOTICS,7124.55,Healthcare
NUST,5970.98,Education
ADMISSION,24433.36,Education
EventTicket,2464.97,Entertainment
IESCO,20356.86,Utilities
TOTAL PARCO,5000.0,Transport
Cinepax Islamab...,924.95,Entertainment
CHICKEN,15000.0,Groceries
BUNDOO KHAN,2147.46,Eating_Out
ISB Metro Bus,932.28,Transport
EFU Life I-8,4803.48,Miscellaneous
BOOKS,28004.28,Education
NueplexCinemas,2460.35,Entertainment
Recreation Center,4481.41,Entertainment
WASAIslamabad,10934.08,Utilities
AlhamraArts,8814.54,Entertainment
International Grammar School,4218.19,Education
Naan,2263.87,Eating_Out
LOCAL RICKSHAW,456.59,Transport
FazalDinHospital,3347.43,Healthcare
Jubilee Life In...,5288.07,Miscellaneous
CinepaxIslamabad,539.61,Entertainment
PETROL,478.98,Transport
TaxiFare,3624.19,Transport
OPTP,8000.0,Eating_Out
Shifa International,2501.13,Healthcare
GreenvalleyHypermarket,420.51,Groceries
UnitedKing,1554.28,Eating_Out
EventTicket,1128.93,Entertainment
TollPlaza,1972.08,Transport
coffee,8000.0,Eating_Out
Imtiaz Super Market,12910.94,Groceries
Edhi Foundation I-8,1230.95,Miscellaneous
Lassi I-8,2880.25,Eating_Out
Diesel Blue Area,2878.31,Transport
LabTest,22178.56,Healthcare
NUST,10704.21,Education
wasa islamabad,4118.25,Utilities
Lab Test REF8281,19131.74,Healthcare
International Grammar School F-7,100000.0,Education
JAZZCASH,2429.74,Miscellaneous
Sugar REF3351,4338.69,Groceries
WASAIslamabad,5843.99,Utilities
local rickshaw,224.05,Transport
Taxi Fare,1828.6,Transport
NueplexCinemas,1820.42,Entertainment
nueplex cinemas,3174.3,Entertainment
Recreation Cent...,3732.35,Entertainment
EdhiFoundation,20000.0,Miscellaneous
SNGPLTransport,2857.6,Transport
diesel,524.54,Transport
Recreation Cent...,3836.16,Entertainment
COFFEE,1516.24,Eating_Out
Medical Checkup,17849.39,Healthcare
uniform,28653.69,Education
KFC PAKISTAN,1030.43,Eating_Out
Edhi Foundation Blue Area,9098.04,Miscellaneous
FazalDinHospital,10560.77,Healthcare
CAR WASH,146.23,Transport
event ticket,1908.2,Entertainment
Nueplex Cinemas Blue Area,2484.35,Entertainment
ParkingFee,5000.0,Transport
EFULife,3828.95,Miscellaneous
ROLL PARATHA,3363.35,Eating_Out
wasa islamabad,9861.88,Utilities
Admission,27179.5,Education
Coffee,2050.02,Eating_Out
local clinic,4492.12,Healthcare
shifa international,7402.61,Healthcare
Roti,5433.07,Groceries
MEDICARE HOSPITAL,50000.0,Healthcare
MEDICARE HOSPITAL,10959.15,Healthcare
pens,26993.58,Education
Recreation Cent...,6161.0,Entertainment
SHELL PETROL STATION,5000.0,Transport
ANTIBIOTICS,17732.25,Healthcare
ANTIBIOTICS,16698.85,Healthcare
Jubilee Life In...,1663.74,Miscellaneous
CinepaxIslamabad,500.0,Entertainment
Event Ticket F-7,3967.91,Entertainment
jubilee life insurance,2555.34,Miscellaneous
Eggs,1015.99,Groceries
WASA ISL,10648.61,Utilities
Local Kiryana Store,10171.5,Groceries
EFULife,908.96,Miscellaneous
Easypaisa,3973.54,Miscellaneous
CareemRide,1590.55,Transport
COACHING CENTER,20353.91,Education
Saylani Welfare REF1261,20000.0,Miscellaneous
SNGPL,8923.25,Utilities
Medicare Hospit...,6527.2,Healthcare
KFC Pakistan Blue Area,3135.0,Eating_Out
kfc pakistan,3624.53,Eating_Out
LOCAL KIRYANA STORE,6044.91,Groceries
Medicine REF2793,2232.08,Healthcare
jubilee life insurance,9660.84,Miscellaneous
SALT'N PEPPER,513.83,Eating_Out
Consultation REF8239,9503.33,Healthcare
LOCAL CLINIC,13674.23,Healthcare
NUST G-9,6591.21,Education
Saylani Welfare REF3881,20000.0,Miscellaneous
pizza,896.05,Eating_Out
shams store,1038.24,Groceries
WASA Islamabad REF4485,6807.56,Utilities
PTCL REF9605,23669.28,Utilities
Bank Loan Blue Area,19699.16,Miscellaneous
EFU Life,3781.49,Miscellaneous
IESCO,1726.22,Utilities
International Grammar School,2679.4,Education
bus ticket,691.96,Transport
nust,35834.17,Education
MEDICAL CHECKUP,791.38,Healthcare
bar.b.q tonight,695.15,Eating_Out
FoodpandaOrder,1435.05,Eating_Out
Chaaye Khana I-8,2177.08,Eating_Out
AgaKhanPharmacy,24833.18,Healthcare
ISLAMABAD CASH & CARRY,8617.91,Groceries
Admission,8528.3,Education
Greenvalley Hyp...,2567.77,Groceries
JazzCash,1819.47,Miscellaneous
EFU LIFE,1764.82,Miscellaneous
Burger F-10,5420.42,Eating_Out
Recreation Center REF1128,10000.0,Entertainment
SHAMS STORE,14392.88,Groceries
Bank Loan REF8144,20000.0,Miscellaneous
Uber ISB,2903.65,Transport
notebooks,14491.34,Education
RecreationCenter,4579.77,Entertainment
BUS TICKET,5000.0,Transport
ptcl,2545.29,Utilities
nueplex cinemas,3413.16,Entertainment
Taxi Fare,5000.0,Transport
PHARMACY,47928.3,Healthcare
SuiSouthernGas,21896.49,Utilities
roll paratha,457.87,Eating_Out
sandwich,3023.31,Eating_Out
Alhamra Arts,1963.4,Entertainment
NUEPLEX CINEMAS,1232.29,Entertainment
Tuition Fees G-9,66713.74,Education
k-electric,8506.08,Utilities
Eggs,1746.75,Groceries
SNGPL Transport,1408.36,Transport
Careem Ride F-10,2198.07,Transport
Jubilee Life Insurance,8661.86,Miscellaneous
BEEF,13335.46,Groceries
Bank Loan,4367.04,Miscellaneous
Blood Test,10986.08,Healthcare
PTCL,3145.34,Utilities
EdhiFoundation,2138.92,Miscellaneous
SNGPL TRANSPORT,2930.47,Transport
Car Wash,1114.09,Transport
easypaisa,2441.61,Miscellaneous
United King,1034.16,Eating_Out
Local Clinic,7005.11,Healthcare
diesel,1290.26,Transport
uniform,2833.21,Education
SNGPL,6118.87,Utilities
Tea REF2150,4417.59,Eating_Out
SchoolFees,33953.08,Education
sandwich,6836.17,Eating_Out
JazzCash,1888.35,Miscellaneous
COMSATS,8785.61,Education
saylani welfare,970.89,Miscellaneous
EXAM FEE,3060.29,Education
JazzCash F-7,496.87,Miscellaneous
Jubilee Life In...,7019.07,Miscellaneous
Shawarma,1137.15,Eating_Out
coaching center,8884.72,Education
FazalDinHospital,17600.1,Healthcare
AMUSEMENT PARK,10000.0,Entertainment
JAZZCASH,2794.54,Miscellaneous
SNGPL Transport,316.1,Transport
lassi,1377.51,Eating_Out
AmusementPark,2139.01,Entertainment
STATIONERY,33179.55,Education
BankLoan,20000.0,Miscellaneous
Bank Loan,6573.02,Miscellaneous
AlhamraArts,2934.01,Entertainment
INDRIVER,627.08,Transport
EDHI FOUNDATION,10065.67,Miscellaneous
KFC Pakistan,1291.7,Eating_Out
BREAD,6423.35,Groceries
gas bill,9601.21,Utilities
RICKSHAW,5000.0,Transport
AMUSEMENT PARK,1595.33,Entertainment
Jubilee Life In...,4183.72,Miscellaneous
BANK LOAN,4894.34,Miscellaneous
PIZZA,8000.0,Eating_Out
AlhamraArts,1928.7,Entertainment
Toll Plaza,2833.51,Transport
WASA Islamabad,2940.51,Utilities
car wash,3030.38,Transport
Rickshaw,1323.96,Transport
BusTicket,622.77,Transport
taxi fare,198.2,Transport
nust,48461.76,Education
WASA Islamabad,17749.88,Utilities
SNGPL,3600.0,Utilities
InDriver,3191.31,Transport
ISLAMABAD CASH & CARRY,1446.31,Groceries
jubilee life insurance,10017.92,Miscellaneous
shifa international,50000.0,Healthcare
Pharmacy,11743.89,Healthcare
SAYLANI WELFARE,278.9,Miscellaneous
Alhamra Arts,3097.99,Entertainment
United King REF4160,3027.16,Eating_Out
EventTicket,5544.41,Entertainment
Rickshaw,723.93,Transport
CourseFee,100000.0,Education
cinepax islamabad,5388.25,Entertainment
JubileeLifeInsurance,4420.61,Miscellaneous
Jubilee Life Insurance G-9,18043.46,Miscellaneous
Chaaye Khana,1302.85,Eating_Out
Cinepax Islamabad,2393.73,Entertainment
SuiSouthernGas,24820.33,Utilities
LOCAL RICKSHAW,3696.78,Transport
InDriver,793.77,Transport
SNGPLTransport,673.37,Transport
SAYLANI WELFARE,8717.04,Miscellaneous
SAEED BOOK BANK,46142.02,Education
COFFEE,825.64,Eating_Out
pso fuel pump,553.56,Transport
chughtai lab,25618.81,Healthcare
MotorOil,1022.55,Transport
PENS,60181.18,Education
BUTTER,1831.81,Groceries
JUBILEE LIFE INSURANCE,2080.81,Miscellaneous
SuiSouthernGas,6901.92,Utilities
SaeedBookBank,46993.85,Education
PSO Fuel Pump,1811.89,Transport
rickshaw,2224.52,Transport
NUEPLEX CINEMAS,835.04,Entertainment
IESCO,10369.06,Utilities
GasBill,3821.28,Utilities
SaylaniWelfare,1280.2,Miscellaneous
ChaayeKhana,1924.07,Eating_Out
Punjab Transpor...,589.06,Transport
BANK LOAN,6401.09,Miscellaneous
Consultation,26432.79,Healthcare
Al-Fatah Superm...,8931.34,Groceries
tikka,1602.16,Eating_Out
Bio-Organic & W...,10975.78,Groceries
Alhamra Arts REF6708,6496.25,Entertainment
Easypaisa,10914.93,Miscellaneous
KFC Pakistan,1856.92,Eating_Out
EventTicket,2410.79,Entertainment
SNGPL,17600.62,Utilities
Registration,46378.18,Education
medicine,33898.38,Healthcare
SNGPL,6736.99,Utilities
BundooKhan,1835.57,Eating_Out
Pizza Hut Pakistan,387.17,Eating_Out
BANK LOAN,1716.76,Miscellaneous
NOTEBOOKS,2638.23,Education
Medicare Hospital,9781.94,Healthcare
CHICKEN,5235.51,Groceries
EdhiFoundation,20000.0,Miscellaneous
K-Electric,25000.0,Utilities
Amusement Park,1151.65,Entertainment
gas bill,4387.78,Utilities
MedicalStore,11166.29,Healthcare
Jubilee Life Insurance REF7663,9732.9,Miscellaneous
Panadol,5463.85,Healthcare
JazzCash REF3026,5239.53,Miscellaneous
ISLAMABAD METRO BUS,820.12,Transport
UNITED KING,2745.25,Eating_Out
Chughtai Lab,25752.45,Healthcare
Electricity Bil...,3465.81,Utilities
SAEED BOOK BANK,13059.05,Education
ChaayeKhana,2253.59,Eating_Out
save mart,2545.78,Groceries
EventTicket,2432.46,Entertainment
Save Mart,6077.23,Groceries
BAR.B.Q TONIGHT,1072.59,Eating_Out
Shell Petrol Station,106.11,Transport
ALHAMRA ARTS,5334.19,Entertainment
MUTTON,15000.0,Groceries
BundooKhan,1026.69,Eating_Out
EFULife,5379.44,Miscellaneous
SuiSouthernGas,950.28,Utilities
Al-Fatah Supermarket,9226.79,Groceries
medical checkup,11814.87,Healthcare
EFU LIFE,4937.66,Miscellaneous
NAAN,3309.02,Eating_Out
BankLoan,4593.77,Miscellaneous
Cinepax Islamab...,1184.71,Entertainment
SNGPL F-10,6239.12,Utilities
RecreationCenter,5291.95,Entertainment
SNGPL REF7730,5658.73,Utilities
jazzcash,16018.63,Miscellaneous
SNGPL,25000.0,Utilities
cooking oil,9941.55,Groceries
NUST F-7,61604.18,Education
nueplex cinemas,3207.46,Entertainment
Coaching Center G-9,18328.8,Education
optp,2920.3,Eating_Out
RECREATION CENTER,2229.53,Entertainment
EFULife,6419.62,Miscellaneous
ELECTRICITY BILL,18545.44,Utilities
BAR.B.Q TONIGHT,8000.0,Eating_Out
CINEPAX ISLAMABAD,500.0,Entertainment
ELECTRICITY BILL,7419.33,Utilities
Medical Checkup REF6788,27720.21,Healthcare
Antibiotics,12427.37,Healthcare
AL-FATAH SUPERMARKET,4647.27,Groceries
bar.b.q tonight,1206.47,Eating_Out
LOCAL RICKSHAW,5000.0,Transport
EFULife,4143.06,Miscellaneous
Panadol F-10,50000.0,Healthcare
Bio-Organic&Wholefoods,2044.1,Groceries
SHAMS STORE,3844.55,Groceries
BUNDOO KHAN,762.99,Eating_Out
EVENT TICKET,9457.54,Entertainment
ExamFee,36930.8,Education
Registration G-9,100000.0,Education
PIZZA,346.6,Eating_Out
BREAD,8127.99,Groceries
ISB Metro Bus,1359.99,Transport
easypaisa,7054.33,Miscellaneous
McDonald'sIslamabad,457.1,Eating_Out
k-electric,4406.21,Utilities
cinepax islamabad,2599.6,Entertainment
JazzCash,4190.9,Miscellaneous
LASSI,4218.53,Eating_Out
CourseFee,7423.12,Education
Sugar,163.17,Groceries
recreation center,6445.79,Entertainment
Easypaisa F-10,5999.26,Miscellaneous
International Grammar School REF6766,28511.01,Education
SaylaniWelfare,20000.0,Miscellaneous
Electricity Bil...,8701.8,Utilities
SNGPL Transport,2522.15,Transport
EVENT TICKET,500.0,Entertainment
SNGPL,9071.74,Utilities
AlhamraArts,5649.81,Entertainment
NUST,9758.47,Education
recreation center,6710.05,Entertainment
Foodpanda Order I-8,222.71,Eating_Out
IESCO,4674.01,Utilities
EFU Life I-8,806.83,Miscellaneous
YOGURT,14168.13,Groceries
taxi fare,4539.84,Transport
Jubilee Life In...,4023.76,Miscellaneous
LOCAL KIRYANA STORE,2022.04,Groceries
Punjab Transport Blue Area,5000.0,Transport
PETROL,4188.32,Transport
GAS BILL,5312.34,Utilities
diesel,288.43,Transport
registration,52844.31,Education
EFU Life,10435.08,Miscellaneous
Books,100000.0,Education
WASAIslamabad,23673.39,Utilities
Mutton REF9619,2853.79,Groceries
Al-Fatah Superm...,9123.73,Groceries
OPTP,2088.21,Eating_Out
atta,4448.22,Groceries
NUST,67754.5,Education
ParkingFee,1256.46,Transport
Bus Ticket,766.36,Transport
X-RAY,3480.98,Healthcare
ALHAMRA ARTS,2709.21,Entertainment
Coaching Center,19344.55,Education
Nueplex Cinemas,4454.46,Entertainment
Recreation Cent...,1270.18,Entertainment
Recreation Center,2945.6,Entertainment
k-electric,8012.68,Utilities
EFU Life,2349.05,Miscellaneous
Medicare Hospit...,22860.33,Healthcare
Kebab,3742.4,Eating_Out
edhi foundation,5494.2,Miscellaneous
UBER ISLAMABAD,951.5,Transport
ISB Cash & Carry,1722.2,Groceries
Metro Cash & Carry,5615.48,Groceries
Coffee G-9,1431.09,Eating_Out
tea,13092.32,Groceries
SaveMart,2134.55,Groceries
blood test,5621.6,Healthcare
shell petrol station,3396.59,Transport
PTCL,20180.69,Utilities
antibiotics,20529.79,Healthcare
Save Mart,4435.06,Groceries
EVENT TICKET,4903.15,Entertainment
jazzcash,14142.06,Miscellaneous
Islamabad Metro...,1891.65,Transport
Medical Store,4962.53,Healthcare
EventTicket,5773.39,Entertainment
vaccine,49631.91,Healthcare
Event Ticket,7633.2,Entertainment
vaccine,49031.95,Healthcare
taxi fare,5000.0,Transport
BLOOD TEST,45665.84,Healthcare
Karahi,2643.03,Eating_Out
butter,15000.0,Groceries
Vegetables,1071.1,Groceries
BUNDOO KHAN,1969.27,Eating_Out
Chughtai Lab,22939.77,Healthcare
EVENT TICKET,692.4,Entertainment
Chughtai Lab Blue Area,26658.44,Healthcare
BREAD,7020.34,Groceries
Recreation Center REF9055,4465.26,Entertainment
EventTicket,9548.59,Entertainment
Cooking Oil REF6661,5716.97,Groceries
nust,6113.97,Education
NOTEBOOKS,18019.21,Education
IESCO,19006.46,Utilities
Local Clinic REF4951,11418.53,Healthcare
recreation center,4593.2,Entertainment
Pharmacy,4322.87,Healthcare
Pizza Hut Pakistan,955.66,Eating_Out
AmusementPark,10000.0,Entertainment
NUST,96176.77,Education
islamabad metro bus,567.49,Transport
MEDICINE,8656.77,Healthcare
PTCL,9060.12,Utilities
CAREEM RIDE,1040.49,Transport
KFC PAKISTAN,7606.84,Eating_Out
Saylani Welfare G-9,5715.58,Miscellaneous
Nueplex Cinemas,1483.53,Entertainment
GasBill,5344.71,Utilities
Recreation Center,1967.33,Entertainment
NUST,36013.21,Education
Alhamra Arts,1468.61,Entertainment
PSOFuelPump,5000.0,Transport
Motor Oil,5000.0,Transport
SaeedBookBank,98212.31,Education
carrefour islamabad,3058.43,Groceries
BUNDOO KHAN,1669.14,Eating_Out
BankLoan,5889.99,Miscellaneous
Bar.B.QTonight,2996.77,Eating_Out
EFULife,3372.03,Miscellaneous
Greenvalley Hyp...,8292.27,Groceries
REGISTRATION,66969.22,Education
SALT'N PEPPER,200.0,Eating_Out
EFULife,1449.38,Miscellaneous
Shawarma,1825.48,Eating_Out
Mutton G-9,2026.09,Groceries
BOOKS,38468.17,Education
IslamabadMetroBus,1020.63,Transport
ALHAMRA ARTS,7068.35,Entertainment
LOCAL CLINIC,7222.37,Healthcare
OPTP,909.05,Eating_Out
Cinepax Islamabad,1230.69,Entertainment
Cinepax ISL,2076.85,Entertainment
Local Clinic,7271.26,Healthcare
Local Kiryana Store,6386.78,Groceries
shams store,1821.38,Groceries
InDriver,1219.57,Transport
Metro Cash & Carry G-9,2104.85,Groceries
PSO Fuel Pump F-7,1219.03,Transport
Recreation Cent...,1345.81,Entertainment
roti,7549.72,Groceries
K-Electric,7427.16,Utilities
Naan,215.86,Eating_Out
Islamabad Metro...,204.86,Transport
PUNJAB TRANSPORT,4734.24,Transport
Tuition Fees,37776.32,Education
PSO FUEL PUMP,55.22,Transport
jazzcash,1349.07,Miscellaneous
SNGPL TRANSPORT,896.03,Transport
JAZZCASH,1640.84,Miscellaneous
Shams Store Blue Area,15000.0,Groceries
Electricity Bill,12039.09,Utilities
ALHAMRA ARTS,1570.26,Entertainment
Cinepax Islamab...,1204.05,Entertainment
edhi foundation,10588.15,Miscellaneous
Taxi Fare,380.41,Transport
Recreation Center,5698.73,Entertainment
international grammar school,11845.77,Education
Rice REF8532,12494.95,Groceries
TEA,2316.77,Groceries
Recreation Center,2359.08,Entertainment
EdhiFoundation,1843.69,Miscellaneous
motor oil,2106.57,Transport
Sui Southern Gas,512.17,Utilities
IESCO,7043.14,Utilities
PARKING FEE,1451.5,Transport
TEA,2927.81,Eating_Out
BANK LOAN,4497.69,Miscellaneous
amusement park,2701.18,Entertainment
Beef I-8,1425.11,Groceries
jubilee life insurance,5394.28,Miscellaneous
Cinepax ISB,2034.86,Entertainment
METRO CASH & CARRY,1827.4,Groceries
BUNDOO KHAN,3180.38,Eating_Out
CourseFee,11011.25,Education
BURGER,276.24,Eating_Out
alhamra arts,6427.31,Entertainment
YOGURT,1435.14,Groceries
SNGPL,21434.6,Utilities
McDonald's Isla...,966.04,Eating_Out
